"ensembl_gene_id","baseMean","log2FoldChange","lfcSE","stat","pvalue","padj","external_gene_name","description","gene_biotype","Status","Regulated_Biotype"
"ENSG00000105501",6.79394603298912,2.00719011354765,0.223089214688045,8.99725303329608,2.3143570443611e-19,4.26232137815403e-18,"SIGLEC5","sialic acid binding Ig like lectin 5 [Source:HGNC Symbol;Acc:HGNC:10874]","lncRNA","Upregulated","Upregulated_lncRNA"
"ENSG00000162913",22.3416668627074,1.01426282469987,0.136837281018176,7.41218195182604,1.24238140096392e-13,1.13916468688505e-12,"OBSCN-AS1","OBSCN antisense RNA 1 [Source:HGNC Symbol;Acc:HGNC:32047]","lncRNA","Upregulated","Upregulated_lncRNA"
"ENSG00000186493",92.6650996440671,1.5093491306156,0.158913672308444,9.49791864155035,2.14127207591995e-21,5.04824159995839e-20,"IRX2-DT","IRX2 divergent transcript [Source:HGNC Symbol;Acc:HGNC:24226]","lncRNA","Upregulated","Upregulated_lncRNA"
"ENSG00000205086",7.85370469319601,1.15293678343272,0.294581953388504,3.91380656612116,9.08524252222604e-05,0.000226980395683806,"LINC02898","long intergenic non-protein coding RNA 2898 [Source:HGNC Symbol;Acc:HGNC:42966]","lncRNA","Upregulated","Upregulated_lncRNA"
"ENSG00000229415",416.041765617497,1.11388428369568,0.173932733468896,6.40410957431927,1.51249462251627e-10,9.06714344934642e-10,"SFTA3","surfactant associated 3 [Source:HGNC Symbol;Acc:HGNC:18387]","lncRNA","Upregulated","Upregulated_lncRNA"
